t_dias,variable,value,mouse_line,source,line_unified,t_bucket,is_outlier
1.2783251709342167,Infectivity_log10,3.6747373600385167,Prnp+/+,Meisl_2021_Sandberg_reproc,Prnp+/+,0,False
2.019642665039477,Infectivity_log10,3.203158204754237,Prnp+/+,Meisl_2021_Sandberg_reproc,Prnp+/+,0,False
2.980360972640866,Infectivity_log10,2.6809210526315788,Prnp+/+,Sandberg_2011,Prnp+/+,0,False
3.9127490384123647,Infectivity_log10,3.0729889547485056,Prnp+/+,Meisl_2021_Sandberg_reproc,Prnp+/+,0,False
9.926294777417112,Infectivity_log10,2.483552631578947,Prnp+/+,Sandberg_2011,Prnp+/+,0,False
16.808340284746343,Infectivity_log10,2.7797069296034964,Prnp+/+,Meisl_2021_Sandberg_reproc,Prnp+/+,1,False
19.856939038606363,Infectivity_log10,3.088508388430262,Prnp+/+,Meisl_2021_Sandberg_reproc,Prnp+/+,1,False
22.89010653738508,Infectivity_log10,2.9908064991155694,Prnp+/+,Meisl_2021_Sandberg_reproc,Prnp+/+,1,False
25.20294304896911,Infectivity_log10,3.9175283185575394,Prnp+/+,Meisl_2021_Sandberg_reproc,Prnp+/+,1,True
28.97187279002383,Infectivity_log10,3.2019060686276406,Prnp+/+,Meisl_2021_Sandberg_reproc,Prnp+/+,1,False
32.043309801404156,Infectivity_log10,4.112332482703768,Prnp+/+,Meisl_2021_Sandberg_reproc,Prnp+/+,2,False
34.3647878158337,Infectivity_log10,5.266696177104957,Prnp+/+,Meisl_2021_Sandberg_reproc,Prnp+/+,2,False
36.597999051198265,Infectivity_log10,4.095860720136994,Prnp+/+,Meisl_2021_Sandberg_reproc,Prnp+/+,2,False
40.869987707903086,Infectivity_log10,6.632247619618681,Prnp+/+,Meisl_2021_Sandberg_reproc,Prnp+/+,2,False
42.72852806989389,Infectivity_log10,5.59151086977608,Prnp+/+,Meisl_2021_Sandberg_reproc,Prnp+/+,2,False
46.90669469570448,Infectivity_log10,5.656357412557691,Prnp+/+,Meisl_2021_Sandberg_reproc,Prnp+/+,3,False
49.84195672965454,Infectivity_log10,6.957236842105264,Prnp+/+,Sandberg_2011,Prnp+/+,3,False
49.955910699767735,Infectivity_log10,5.9814190053101175,Prnp+/+,Meisl_2021_Sandberg_reproc,Prnp+/+,3,False
53.03228571277409,Infectivity_log10,7.021926490791509,Prnp+/+,Meisl_2021_Sandberg_reproc,Prnp+/+,3,False
56.044466704642254,Infectivity_log10,6.371380048004431,Prnp+/+,Meisl_2021_Sandberg_reproc,Prnp+/+,3,False
60.9843200812654,Infectivity_log10,6.5012318550484895,Prnp+/+,Meisl_2021_Sandberg_reproc,Prnp+/+,4,False
65.58777209711639,Infectivity_log10,7.76931067260873,Prnp+/+,Meisl_2021_Sandberg_reproc,Prnp+/+,4,False
70.90414809772307,Infectivity_log10,7.817844174304405,Prnp+/+,Meisl_2021_Sandberg_reproc,Prnp+/+,4,False
75.45883734751715,Infectivity_log10,7.801372411737631,Prnp+/+,Meisl_2021_Sandberg_reproc,Prnp+/+,5,False
81.15914297454637,Infectivity_log10,7.9637092151928215,Prnp+/+,Meisl_2021_Sandberg_reproc,Prnp+/+,5,False
85.71753572555997,Infectivity_log10,8.044798256179998,Prnp+/+,Meisl_2021_Sandberg_reproc,Prnp+/+,5,False
91.02712197393086,Infectivity_log10,7.91447028469343,Prnp+/+,Meisl_2021_Sandberg_reproc,Prnp+/+,6,False
95.98302385583855,Infectivity_log10,8.467085573804608,Prnp+/+,Meisl_2021_Sandberg_reproc,Prnp+/+,6,False
99.90644200672388,Infectivity_log10,8.141447368421053,Prnp+/+,Sandberg_2011,Prnp+/+,6,False
100.90250797575439,Infectivity_log10,8.060352961301941,Prnp+/+,Meisl_2021_Sandberg_reproc,Prnp+/+,6,False
110.78468372981374,Infectivity_log10,8.385097111092692,Prnp+/+,Meisl_2021_Sandberg_reproc,Prnp+/+,7,False
119.9644425284025,Infectivity_log10,7.779605263157896,Prnp+/+,Sandberg_2011,Prnp+/+,7,False
121.39151122249046,Infectivity_log10,7.79923848960639,Prnp+/+,Meisl_2021_Sandberg_reproc,Prnp+/+,8,False
129.21617783445396,Infectivity_log10,7.763157894736842,Prnp+/+,Sandberg_2011,Prnp+/+,8,False
130.89284360114348,Infectivity_log10,8.091480007265918,Prnp+/+,Meisl_2021_Sandberg_reproc,Prnp+/+,8,False
135.0808862302061,Infectivity_log10,8.416488692858064,Prnp+/+,Meisl_2021_Sandberg_reproc,Prnp+/+,9,False
136.14689601205657,Infectivity_log10,7.960526315789474,Prnp+/+,Sandberg_2011,Prnp+/+,9,False
139.2223546545328,Infectivity_log10,8.174342105263158,Prnp+/+,Sandberg_2011,Prnp+/+,9,False
141.53423710520235,Infectivity_log10,8.416188885616485,Prnp+/+,Meisl_2021_Sandberg_reproc,Prnp+/+,9,False
3.760795849756562,Infectivity_log10,2.4342105263157894,Prnp+/-,Sandberg_2011,Prnp+/-,0,False
11.86121536633435,Infectivity_log10,2.286184210526315,Prnp+/-,Sandberg_2011,Prnp+/-,0,False
49.99538097032229,Infectivity_log10,2.9769736842105274,Prnp+/-,Sandberg_2011,Prnp+/-,3,False
98.38741522722007,Infectivity_log10,7.549342105263158,Prnp+/-,Sandberg_2011,Prnp+/-,6,False
148.4785278518433,Infectivity_log10,8.042763157894738,Prnp+/-,Sandberg_2011,Prnp+/-,9,False
200.51343684790172,Infectivity_log10,8.108552631578949,Prnp+/-,Sandberg_2011,Prnp+/-,13,False
225.56660097380015,Infectivity_log10,8.157894736842106,Prnp+/-,Sandberg_2011,Prnp+/-,15,False
242.51934558312087,Infectivity_log10,8.355263157894736,Prnp+/-,Sandberg_2011,Prnp+/-,16,False
250.61849713076748,Infectivity_log10,8.24013157894737,Prnp+/-,Sandberg_2011,Prnp+/-,16,False
274.8937623174125,Infectivity_log10,8.470394736842106,Prnp+/-,Sandberg_2011,Prnp+/-,18,False
300.7330671806168,Infectivity_log10,8.125,Prnp+/-,Sandberg_2011,Prnp+/-,20,False
0.5536734323167494,Infectivity_log10,4.585340131315572,Prnp+/0,Meisl_2021_Sandberg_reproc,Prnp+/-,0,False
1.2894356745927453,Infectivity_log10,3.967419770700368,Prnp+/0,Meisl_2021_Sandberg_reproc,Prnp+/-,0,False
3.5498059189003754,Infectivity_log10,3.512030206461376,Prnp+/0,Meisl_2021_Sandberg_reproc,Prnp+/-,0,False
13.413464166862134,Infectivity_log10,3.348970338482375,Prnp+/0,Meisl_2021_Sandberg_reproc,Prnp+/-,0,False
26.333745421326164,Infectivity_log10,3.7060936703637015,Prnp+/0,Meisl_2021_Sandberg_reproc,Prnp+/-,1,False
38.11520005079087,Infectivity_log10,4.063269909405307,Prnp+/0,Meisl_2021_Sandberg_reproc,Prnp+/-,2,False
50.65278617923888,Infectivity_log10,4.339110207378433,Prnp+/0,Meisl_2021_Sandberg_reproc,Prnp+/-,3,False
55.636464320292895,Infectivity_log10,5.623431523144237,Prnp+/0,Meisl_2021_Sandberg_reproc,Prnp+/-,3,False
60.56212094224126,Infectivity_log10,5.379300249898154,Prnp+/0,Meisl_2021_Sandberg_reproc,Prnp+/-,4,False
65.50938132130341,Infectivity_log10,5.704273664050114,Prnp+/0,Meisl_2021_Sandberg_reproc,Prnp+/-,4,False
70.43688969386153,Infectivity_log10,5.508922792581006,Prnp+/0,Meisl_2021_Sandberg_reproc,Prnp+/-,4,False
75.39711232719199,Infectivity_log10,6.175359019171792,Prnp+/0,Meisl_2021_Sandberg_reproc,Prnp+/-,5,False
80.30733769405904,Infectivity_log10,5.524724397784248,Prnp+/0,Meisl_2021_Sandberg_reproc,Prnp+/-,5,False
85.29533658653585,Infectivity_log10,6.922866651029661,Prnp+/0,Meisl_2021_Sandberg_reproc,Prnp+/-,5,False
90.60368833450022,Infectivity_log10,6.760018411691778,Prnp+/0,Meisl_2021_Sandberg_reproc,Prnp+/-,6,False
95.88488107352154,Infectivity_log10,5.881724279624924,Prnp+/0,Meisl_2021_Sandberg_reproc,Prnp+/-,6,False
100.51734384892538,Infectivity_log10,7.914029391691107,Prnp+/0,Meisl_2021_Sandberg_reproc,Prnp+/-,6,False
110.75135221883812,Infectivity_log10,7.507049879107139,Prnp+/0,Meisl_2021_Sandberg_reproc,Prnp+/-,7,False
120.64340397614944,Infectivity_log10,8.091956171708427,Prnp+/0,Meisl_2021_Sandberg_reproc,Prnp+/-,8,False
130.50212422248518,Infectivity_log10,7.798815232324159,Prnp+/0,Meisl_2021_Sandberg_reproc,Prnp+/-,8,False
141.15771448121882,Infectivity_log10,8.49750719096487,Prnp+/0,Meisl_2021_Sandberg_reproc,Prnp+/-,9,False
150.62571534889628,Infectivity_log10,7.911701476638845,Prnp+/0,Meisl_2021_Sandberg_reproc,Prnp+/-,10,False
175.68422185030448,Infectivity_log10,8.02435845659232,Prnp+/0,Meisl_2021_Sandberg_reproc,Prnp+/-,11,False
200.73717309988342,Infectivity_log10,7.990674231214873,Prnp+/0,Meisl_2021_Sandberg_reproc,Prnp+/-,13,False
225.8216041098282,Infectivity_log10,8.786256836046002,Prnp+/0,Meisl_2021_Sandberg_reproc,Prnp+/-,15,False
270.6123651087859,Infectivity_log10,8.702875151446747,Prnp+/0,Meisl_2021_Sandberg_reproc,Prnp+/-,18,False
0.14875729898365364,Infectivity_log10,3.9186922760836715,Tg20,Meisl_2021_Sandberg_reproc,Tg20,0,False
2.980360972640866,Infectivity_log10,2.6809210526315788,Tg20,Sandberg_2011,Tg20,0,False
4.681225541460698,Infectivity_log10,3.3168556921931955,Tg20,Meisl_2021_Sandberg_reproc,Tg20,0,False
5.457726297151311,Infectivity_log10,3.7721041706714447,Tg20,Meisl_2021_Sandberg_reproc,Tg20,0,False
9.885085787155106,Infectivity_log10,3.552631578947368,Tg20,Sandberg_2011,Tg20,0,False
10.38955542113218,Infectivity_log10,3.690574236681946,Tg20,Meisl_2021_Sandberg_reproc,Tg20,0,False
15.329408797755327,Infectivity_log10,3.8204260437260045,Tg20,Meisl_2021_Sandberg_reproc,Tg20,1,False
18.75514742580212,Infectivity_log10,4.064169331130044,Tg20,Meisl_2021_Sandberg_reproc,Tg20,1,False
20.675412808118068,Infectivity_log10,4.6494459738532825,Tg20,Meisl_2021_Sandberg_reproc,Tg20,1,False
22.968497313198043,Infectivity_log10,5.055843507674184,Tg20,Meisl_2021_Sandberg_reproc,Tg20,1,False
24.893083446936764,Infectivity_log10,5.75494108787703,Tg20,Meisl_2021_Sandberg_reproc,Tg20,1,False
26.803472826000693,Infectivity_log10,6.080055587789734,Tg20,Meisl_2021_Sandberg_reproc,Tg20,1,False
28.651519934536203,Infectivity_log10,4.7628965612109395,Tg20,Meisl_2021_Sandberg_reproc,Tg20,1,False
29.834040980755876,Infectivity_log10,6.019736842105264,Tg20,Sandberg_2011,Tg20,1,False
30.608203078844006,Infectivity_log10,6.307521105548022,Tg20,Meisl_2021_Sandberg_reproc,Tg20,2,False
33.26423070343596,Infectivity_log10,6.274877387656055,Tg20,Meisl_2021_Sandberg_reproc,Tg20,2,False
34.4567580961182,Infectivity_log10,7.689456132028056,Tg20,Meisl_2021_Sandberg_reproc,Tg20,2,False
36.69614183351528,Infectivity_log10,6.6812220143166785,Tg20,Meisl_2021_Sandberg_reproc,Tg20,2,False
39.01021284550581,Infectivity_log10,7.6404641016099655,Tg20,Meisl_2021_Sandberg_reproc,Tg20,2,False
40.1984190238813,Infectivity_log10,7.1381578947368425,Tg20,Sandberg_2011,Tg20,2,False
40.88603621318763,Infectivity_log10,7.0550111016858,Tg20,Meisl_2021_Sandberg_reproc,Tg20,2,False
42.81988109997514,Infectivity_log10,7.998010690773521,Tg20,Meisl_2021_Sandberg_reproc,Tg20,2,False
44.322268094689726,Infectivity_log10,7.5751766658260316,Tg20,Meisl_2021_Sandberg_reproc,Tg20,2,False
46.99249247395645,Infectivity_log10,7.9165160282242075,Tg20,Meisl_2021_Sandberg_reproc,Tg20,3,False
50.19762201483887,Infectivity_log10,7.730263157894738,Tg20,Sandberg_2011,Tg20,3,False
50.79166747497052,Infectivity_log10,7.99764034065157,Tg20,Meisl_2021_Sandberg_reproc,Tg20,3,False
54.81176095525159,Infectivity_log10,8.026315789473685,Tg20,Sandberg_2011,Tg20,3,False
56.10680897517067,Infectivity_log10,8.013653574495928,Tg20,Meisl_2021_Sandberg_reproc,Tg20,3,False
59.81960424878277,Infectivity_log10,8.108552631578949,Tg20,Sandberg_2011,Tg20,3,False
61.041724350167804,Infectivity_log10,8.01342431013472,Tg20,Meisl_2021_Sandberg_reproc,Tg20,4,False
61.75515882216557,Infectivity_log10,7.894736842105264,Tg20,Sandberg_2011,Tg20,4,False
65.99392273085599,Infectivity_log10,8.468478795691947,Tg20,Meisl_2021_Sandberg_reproc,Tg20,4,False
56.0,Infectivity_log10,7.0594,tga20_SSCA,Meisl_2021_SSCA,Tg20,3,False
56.0,Infectivity_log10,7.068,tga20_SSCA,Meisl_2021_SSCA,Tg20,3,False
56.0,Infectivity_log10,7.7557,tga20_SSCA,Meisl_2021_SSCA,Tg20,3,False
84.0,Infectivity_log10,7.6484,tga20_SSCA,Meisl_2021_SSCA,Tg20,5,False
84.0,Infectivity_log10,7.646,tga20_SSCA,Meisl_2021_SSCA,Tg20,5,False
84.0,Infectivity_log10,7.8107,tga20_SSCA,Meisl_2021_SSCA,Tg20,5,False
84.0,Infectivity_log10,7.9169,tga20_SSCA,Meisl_2021_SSCA,Tg20,5,False
84.0,Infectivity_log10,7.5326,tga20_SSCA,Meisl_2021_SSCA,Tg20,5,False
84.0,Infectivity_log10,8.3533,tga20_SSCA,Meisl_2021_SSCA,Tg20,5,False
112.0,Infectivity_log10,8.5367,tga20_SSCA,Meisl_2021_SSCA,Tg20,7,False
112.0,Infectivity_log10,8.7346,tga20_SSCA,Meisl_2021_SSCA,Tg20,7,False
112.0,Infectivity_log10,8.5367,tga20_SSCA,Meisl_2021_SSCA,Tg20,7,False
112.0,Infectivity_log10,8.7852,tga20_SSCA,Meisl_2021_SSCA,Tg20,7,False
112.0,Infectivity_log10,8.8653,tga20_SSCA,Meisl_2021_SSCA,Tg20,7,False
112.0,Infectivity_log10,9.0902,tga20_SSCA,Meisl_2021_SSCA,Tg20,7,False
4.0,PKres_PrPSc,0.480666666664,Prnp+/+,Meisl_2021_Fig2,Prnp+/+,0,False
4.0,PKres_PrPSc,0.830666666664,Prnp+/+,Meisl_2021_Fig2,Prnp+/+,0,False
4.0,PKres_PrPSc,0.220666666664,Prnp+/+,Meisl_2021_Fig2,Prnp+/+,0,False
4.0,PKres_PrPSc,0.000666666664292,Prnp+/+,Meisl_2021_Fig2,Prnp+/+,0,False
33.0,PKres_PrPSc,1.01066666667,Prnp+/+,Meisl_2021_Fig2,Prnp+/+,2,False
33.0,PKres_PrPSc,-1.87933333333,Prnp+/+,Meisl_2021_Fig2,Prnp+/+,2,False
33.0,PKres_PrPSc,1.79066666667,Prnp+/+,Meisl_2021_Fig2,Prnp+/+,2,False
33.0,PKres_PrPSc,-2.10933333333,Prnp+/+,Meisl_2021_Fig2,Prnp+/+,2,False
33.0,PKres_PrPSc,0.830666666664,Prnp+/+,Meisl_2021_Fig2,Prnp+/+,2,False
33.0,PKres_PrPSc,0.580666666664,Prnp+/+,Meisl_2021_Fig2,Prnp+/+,2,False
33.0,PKres_PrPSc,1.56066666667,Prnp+/+,Meisl_2021_Fig2,Prnp+/+,2,False
33.0,PKres_PrPSc,-1.13933333333,Prnp+/+,Meisl_2021_Fig2,Prnp+/+,2,False
66.0,PKres_PrPSc,-0.499333333336,Prnp+/+,Meisl_2021_Fig2,Prnp+/+,4,False
66.0,PKres_PrPSc,-1.35933333333,Prnp+/+,Meisl_2021_Fig2,Prnp+/+,4,False
66.0,PKres_PrPSc,-0.319333333336,Prnp+/+,Meisl_2021_Fig2,Prnp+/+,4,False
66.0,PKres_PrPSc,-0.829333333336,Prnp+/+,Meisl_2021_Fig2,Prnp+/+,4,False
66.0,PKres_PrPSc,0.750666666664,Prnp+/+,Meisl_2021_Fig2,Prnp+/+,4,False
66.0,PKres_PrPSc,2.10066666667,Prnp+/+,Meisl_2021_Fig2,Prnp+/+,4,False
66.0,PKres_PrPSc,1.62066666667,Prnp+/+,Meisl_2021_Fig2,Prnp+/+,4,False
66.0,PKres_PrPSc,2.68066666667,Prnp+/+,Meisl_2021_Fig2,Prnp+/+,4,False
100.0,PKres_PrPSc,8.79066666667,Prnp+/+,Meisl_2021_Fig2,Prnp+/+,6,False
100.0,PKres_PrPSc,7.76066666667,Prnp+/+,Meisl_2021_Fig2,Prnp+/+,6,False
100.0,PKres_PrPSc,8.01066666667,Prnp+/+,Meisl_2021_Fig2,Prnp+/+,6,False
100.0,PKres_PrPSc,7.79066666667,Prnp+/+,Meisl_2021_Fig2,Prnp+/+,6,False
100.0,PKres_PrPSc,16.0206666667,Prnp+/+,Meisl_2021_Fig2,Prnp+/+,6,False
100.0,PKres_PrPSc,14.7506666667,Prnp+/+,Meisl_2021_Fig2,Prnp+/+,6,False
100.0,PKres_PrPSc,14.0606666667,Prnp+/+,Meisl_2021_Fig2,Prnp+/+,6,False
100.0,PKres_PrPSc,15.2606666667,Prnp+/+,Meisl_2021_Fig2,Prnp+/+,6,False
136.0,PKres_PrPSc,17.1806666667,Prnp+/+,Meisl_2021_Fig2,Prnp+/+,9,False
136.0,PKres_PrPSc,20.4606666667,Prnp+/+,Meisl_2021_Fig2,Prnp+/+,9,False
136.0,PKres_PrPSc,14.5106666667,Prnp+/+,Meisl_2021_Fig2,Prnp+/+,9,False
136.0,PKres_PrPSc,18.0606666667,Prnp+/+,Meisl_2021_Fig2,Prnp+/+,9,False
136.0,PKres_PrPSc,25.2606666667,Prnp+/+,Meisl_2021_Fig2,Prnp+/+,9,False
136.0,PKres_PrPSc,27.1006666667,Prnp+/+,Meisl_2021_Fig2,Prnp+/+,9,False
136.0,PKres_PrPSc,19.7706666667,Prnp+/+,Meisl_2021_Fig2,Prnp+/+,9,False
136.0,PKres_PrPSc,24.7106666667,Prnp+/+,Meisl_2021_Fig2,Prnp+/+,9,False
150.0,PKres_PrPSc,17.1806666667,Prnp+/+,Meisl_2021_Fig2,Prnp+/+,10,False
150.0,PKres_PrPSc,21.9006666667,Prnp+/+,Meisl_2021_Fig2,Prnp+/+,10,False
150.0,PKres_PrPSc,14.9406666667,Prnp+/+,Meisl_2021_Fig2,Prnp+/+,10,False
150.0,PKres_PrPSc,19.9206666667,Prnp+/+,Meisl_2021_Fig2,Prnp+/+,10,False
150.0,PKres_PrPSc,24.7606666667,Prnp+/+,Meisl_2021_Fig2,Prnp+/+,10,False
150.0,PKres_PrPSc,34.5206666667,Prnp+/+,Meisl_2021_Fig2,Prnp+/+,10,False
150.0,PKres_PrPSc,19.5506666667,Prnp+/+,Meisl_2021_Fig2,Prnp+/+,10,False
150.0,PKres_PrPSc,27.7006666667,Prnp+/+,Meisl_2021_Fig2,Prnp+/+,10,False
159.0,PKres_PrPSc,24.6806666667,Prnp+/+,Meisl_2021_Fig2,Prnp+/+,10,False
159.0,PKres_PrPSc,15.6706666667,Prnp+/+,Meisl_2021_Fig2,Prnp+/+,10,False
159.0,PKres_PrPSc,22.0006666667,Prnp+/+,Meisl_2021_Fig2,Prnp+/+,10,False
159.0,PKres_PrPSc,14.9406666667,Prnp+/+,Meisl_2021_Fig2,Prnp+/+,10,False
159.0,PKres_PrPSc,36.7006666667,Prnp+/+,Meisl_2021_Fig2,Prnp+/+,10,False
159.0,PKres_PrPSc,24.0106666667,Prnp+/+,Meisl_2021_Fig2,Prnp+/+,10,False
159.0,PKres_PrPSc,27.1606666667,Prnp+/+,Meisl_2021_Fig2,Prnp+/+,10,False
159.0,PKres_PrPSc,22.9806666667,Prnp+/+,Meisl_2021_Fig2,Prnp+/+,10,False
164.0,PKres_PrPSc,23.8406666667,Prnp+/+,Meisl_2021_Fig2,Prnp+/+,10,False
164.0,PKres_PrPSc,20.5606666667,Prnp+/+,Meisl_2021_Fig2,Prnp+/+,10,False
164.0,PKres_PrPSc,39.8606666667,Prnp+/+,Meisl_2021_Fig2,Prnp+/+,10,True
164.0,PKres_PrPSc,23.7006666667,Prnp+/+,Meisl_2021_Fig2,Prnp+/+,10,False
166.0,PKres_PrPSc,22.6506666667,Prnp+/+,Meisl_2021_Fig2,Prnp+/+,11,False
166.0,PKres_PrPSc,16.4606666667,Prnp+/+,Meisl_2021_Fig2,Prnp+/+,11,False
166.0,PKres_PrPSc,19.1106666667,Prnp+/+,Meisl_2021_Fig2,Prnp+/+,11,False
166.0,PKres_PrPSc,19.7806666667,Prnp+/+,Meisl_2021_Fig2,Prnp+/+,11,False
166.0,PKres_PrPSc,14.080666666700001,Prnp+/+,Meisl_2021_Fig2,Prnp+/+,11,False
166.0,PKres_PrPSc,17.6206666667,Prnp+/+,Meisl_2021_Fig2,Prnp+/+,11,False
166.0,PKres_PrPSc,38.5906666667,Prnp+/+,Meisl_2021_Fig2,Prnp+/+,11,True
166.0,PKres_PrPSc,21.8406666667,Prnp+/+,Meisl_2021_Fig2,Prnp+/+,11,False
166.0,PKres_PrPSc,20.4606666667,Prnp+/+,Meisl_2021_Fig2,Prnp+/+,11,False
166.0,PKres_PrPSc,26.2706666667,Prnp+/+,Meisl_2021_Fig2,Prnp+/+,11,False
166.0,PKres_PrPSc,18.8406666667,Prnp+/+,Meisl_2021_Fig2,Prnp+/+,11,False
166.0,PKres_PrPSc,20.1406666667,Prnp+/+,Meisl_2021_Fig2,Prnp+/+,11,False
4.0,PKres_PrPSc,-0.0706666666666,Prnp+/0,Meisl_2021_Fig2,Prnp+/-,0,False
4.0,PKres_PrPSc,-0.0706666666666,Prnp+/0,Meisl_2021_Fig2,Prnp+/-,0,False
4.0,PKres_PrPSc,-0.0706666666666,Prnp+/0,Meisl_2021_Fig2,Prnp+/-,0,False
4.0,PKres_PrPSc,-0.0706666666666,Prnp+/0,Meisl_2021_Fig2,Prnp+/-,0,False
4.0,PKres_PrPSc,-0.0706666666666,Prnp+/0,Meisl_2021_Fig2,Prnp+/-,0,False
4.0,PKres_PrPSc,-0.0706666666666,Prnp+/0,Meisl_2021_Fig2,Prnp+/-,0,False
68.0,PKres_PrPSc,-0.0706666666666,Prnp+/0,Meisl_2021_Fig2,Prnp+/-,4,False
68.0,PKres_PrPSc,-0.0706666666666,Prnp+/0,Meisl_2021_Fig2,Prnp+/-,4,False
68.0,PKres_PrPSc,-0.0706666666666,Prnp+/0,Meisl_2021_Fig2,Prnp+/-,4,False
68.0,PKres_PrPSc,-0.0706666666666,Prnp+/0,Meisl_2021_Fig2,Prnp+/-,4,False
68.0,PKres_PrPSc,-0.0706666666666,Prnp+/0,Meisl_2021_Fig2,Prnp+/-,4,False
68.0,PKres_PrPSc,-0.0706666666666,Prnp+/0,Meisl_2021_Fig2,Prnp+/-,4,False
136.0,PKres_PrPSc,0.459333333333,Prnp+/0,Meisl_2021_Fig2,Prnp+/-,9,False
136.0,PKres_PrPSc,-0.0706666666666,Prnp+/0,Meisl_2021_Fig2,Prnp+/-,9,False
136.0,PKres_PrPSc,0.459333333333,Prnp+/0,Meisl_2021_Fig2,Prnp+/-,9,False
136.0,PKres_PrPSc,-0.0706666666666,Prnp+/0,Meisl_2021_Fig2,Prnp+/-,9,False
136.0,PKres_PrPSc,0.459333333333,Prnp+/0,Meisl_2021_Fig2,Prnp+/-,9,False
136.0,PKres_PrPSc,-0.0706666666666,Prnp+/0,Meisl_2021_Fig2,Prnp+/-,9,False
205.0,PKres_PrPSc,6.03933333333,Prnp+/0,Meisl_2021_Fig2,Prnp+/-,13,False
205.0,PKres_PrPSc,7.51933333333,Prnp+/0,Meisl_2021_Fig2,Prnp+/-,13,False
205.0,PKres_PrPSc,10.5393333333,Prnp+/0,Meisl_2021_Fig2,Prnp+/-,13,False
205.0,PKres_PrPSc,8.90933333333,Prnp+/0,Meisl_2021_Fig2,Prnp+/-,13,False
205.0,PKres_PrPSc,8.50933333333,Prnp+/0,Meisl_2021_Fig2,Prnp+/-,13,False
205.0,PKres_PrPSc,8.76933333333,Prnp+/0,Meisl_2021_Fig2,Prnp+/-,13,False
272.0,PKres_PrPSc,8.29933333333,Prnp+/0,Meisl_2021_Fig2,Prnp+/-,18,False
272.0,PKres_PrPSc,9.95933333333,Prnp+/0,Meisl_2021_Fig2,Prnp+/-,18,False
272.0,PKres_PrPSc,6.32933333333,Prnp+/0,Meisl_2021_Fig2,Prnp+/-,18,False
272.0,PKres_PrPSc,4.86933333333,Prnp+/0,Meisl_2021_Fig2,Prnp+/-,18,False
272.0,PKres_PrPSc,14.9393333333,Prnp+/0,Meisl_2021_Fig2,Prnp+/-,18,False
272.0,PKres_PrPSc,7.51933333333,Prnp+/0,Meisl_2021_Fig2,Prnp+/-,18,False
305.0,PKres_PrPSc,17.8393333333,Prnp+/0,Meisl_2021_Fig2,Prnp+/-,20,False
305.0,PKres_PrPSc,9.55933333333,Prnp+/0,Meisl_2021_Fig2,Prnp+/-,20,False
305.0,PKres_PrPSc,15.6693333333,Prnp+/0,Meisl_2021_Fig2,Prnp+/-,20,False
305.0,PKres_PrPSc,11.7593333333,Prnp+/0,Meisl_2021_Fig2,Prnp+/-,20,False
305.0,PKres_PrPSc,18.3493333333,Prnp+/0,Meisl_2021_Fig2,Prnp+/-,20,False
305.0,PKres_PrPSc,8.11933333333,Prnp+/0,Meisl_2021_Fig2,Prnp+/-,20,False
386.0,PKres_PrPSc,19.0093333333,Prnp+/0,Meisl_2021_Fig2,Prnp+/-,25,False
386.0,PKres_PrPSc,9.16933333333,Prnp+/0,Meisl_2021_Fig2,Prnp+/-,25,False
386.0,PKres_PrPSc,28.1393333333,Prnp+/0,Meisl_2021_Fig2,Prnp+/-,25,False
386.0,PKres_PrPSc,21.5293333333,Prnp+/0,Meisl_2021_Fig2,Prnp+/-,25,False
386.0,PKres_PrPSc,20.7793333333,Prnp+/0,Meisl_2021_Fig2,Prnp+/-,25,False
386.0,PKres_PrPSc,20.2593333333,Prnp+/0,Meisl_2021_Fig2,Prnp+/-,25,False
388.0,PKres_PrPSc,19.8393333333,Prnp+/0,Meisl_2021_Fig2,Prnp+/-,25,False
388.0,PKres_PrPSc,14.7993333333,Prnp+/0,Meisl_2021_Fig2,Prnp+/-,25,False
388.0,PKres_PrPSc,14.9393333333,Prnp+/0,Meisl_2021_Fig2,Prnp+/-,25,False
388.0,PKres_PrPSc,16.0593333333,Prnp+/0,Meisl_2021_Fig2,Prnp+/-,25,False
388.0,PKres_PrPSc,9.82933333333,Prnp+/0,Meisl_2021_Fig2,Prnp+/-,25,False
388.0,PKres_PrPSc,14.9393333333,Prnp+/0,Meisl_2021_Fig2,Prnp+/-,25,False
4.0,PKres_PrPSc,-0.650817401634,tga20Prnp+/+,Meisl_2021_Fig2,Tg20,0,False
4.0,PKres_PrPSc,-0.650817401634,tga20Prnp+/+,Meisl_2021_Fig2,Tg20,0,False
4.0,PKres_PrPSc,-0.241007343634,tga20Prnp+/+,Meisl_2021_Fig2,Tg20,0,False
4.0,PKres_PrPSc,0.0224419793666,tga20Prnp+/+,Meisl_2021_Fig2,Tg20,0,False
4.0,PKres_PrPSc,0.490796331366,tga20Prnp+/+,Meisl_2021_Fig2,Tg20,0,False
4.0,PKres_PrPSc,0.959150683366,tga20Prnp+/+,Meisl_2021_Fig2,Tg20,0,False
4.0,PKres_PrPSc,0.929878536366,tga20Prnp+/+,Meisl_2021_Fig2,Tg20,0,False
4.0,PKres_PrPSc,0.0517141263666,tga20Prnp+/+,Meisl_2021_Fig2,Tg20,0,False
14.0,PKres_PrPSc,2.53984662137,tga20Prnp+/+,Meisl_2021_Fig2,Tg20,0,False
14.0,PKres_PrPSc,-0.650817401634,tga20Prnp+/+,Meisl_2021_Fig2,Tg20,0,False
14.0,PKres_PrPSc,1.57386577037,tga20Prnp+/+,Meisl_2021_Fig2,Tg20,0,False
14.0,PKres_PrPSc,-0.650817401634,tga20Prnp+/+,Meisl_2021_Fig2,Tg20,0,False
14.0,PKres_PrPSc,2.62766306237,tga20Prnp+/+,Meisl_2021_Fig2,Tg20,0,False
14.0,PKres_PrPSc,0.402979890366,tga20Prnp+/+,Meisl_2021_Fig2,Tg20,0,False
14.0,PKres_PrPSc,0.783517801366,tga20Prnp+/+,Meisl_2021_Fig2,Tg20,0,False
14.0,PKres_PrPSc,-0.650817401634,tga20Prnp+/+,Meisl_2021_Fig2,Tg20,0,False
28.0,PKres_PrPSc,0.256619155366,tga20Prnp+/+,Meisl_2021_Fig2,Tg20,1,False
28.0,PKres_PrPSc,-0.650817401634,tga20Prnp+/+,Meisl_2021_Fig2,Tg20,1,False
28.0,PKres_PrPSc,-0.650817401634,tga20Prnp+/+,Meisl_2021_Fig2,Tg20,1,False
28.0,PKres_PrPSc,-0.650817401634,tga20Prnp+/+,Meisl_2021_Fig2,Tg20,1,False
28.0,PKres_PrPSc,-0.387368078634,tga20Prnp+/+,Meisl_2021_Fig2,Tg20,1,False
28.0,PKres_PrPSc,-0.650817401634,tga20Prnp+/+,Meisl_2021_Fig2,Tg20,1,False
28.0,PKres_PrPSc,-0.358095931634,tga20Prnp+/+,Meisl_2021_Fig2,Tg20,1,False
28.0,PKres_PrPSc,-0.416640225634,tga20Prnp+/+,Meisl_2021_Fig2,Tg20,1,False
42.0,PKres_PrPSc,-0.650817401634,tga20Prnp+/+,Meisl_2021_Fig2,Tg20,2,False
42.0,PKres_PrPSc,-0.650817401634,tga20Prnp+/+,Meisl_2021_Fig2,Tg20,2,False
42.0,PKres_PrPSc,-0.387368078634,tga20Prnp+/+,Meisl_2021_Fig2,Tg20,2,False
42.0,PKres_PrPSc,-0.650817401634,tga20Prnp+/+,Meisl_2021_Fig2,Tg20,2,False
42.0,PKres_PrPSc,-0.533728813634,tga20Prnp+/+,Meisl_2021_Fig2,Tg20,2,False
42.0,PKres_PrPSc,-0.504456666634,tga20Prnp+/+,Meisl_2021_Fig2,Tg20,2,False
42.0,PKres_PrPSc,-0.182463049634,tga20Prnp+/+,Meisl_2021_Fig2,Tg20,2,False
42.0,PKres_PrPSc,-0.299551637634,tga20Prnp+/+,Meisl_2021_Fig2,Tg20,2,False
56.0,PKres_PrPSc,0.402979890366,tga20Prnp+/+,Meisl_2021_Fig2,Tg20,3,False
56.0,PKres_PrPSc,0.871334242366,tga20Prnp+/+,Meisl_2021_Fig2,Tg20,3,False
56.0,PKres_PrPSc,1.19332785937,tga20Prnp+/+,Meisl_2021_Fig2,Tg20,3,False
56.0,PKres_PrPSc,0.168802714366,tga20Prnp+/+,Meisl_2021_Fig2,Tg20,3,False
56.0,PKres_PrPSc,0.373707743366,tga20Prnp+/+,Meisl_2021_Fig2,Tg20,3,False
56.0,PKres_PrPSc,-0.533728813634,tga20Prnp+/+,Meisl_2021_Fig2,Tg20,3,False
56.0,PKres_PrPSc,0.695701360366,tga20Prnp+/+,Meisl_2021_Fig2,Tg20,3,False
56.0,PKres_PrPSc,-0.123918755634,tga20Prnp+/+,Meisl_2021_Fig2,Tg20,3,False
63.0,PKres_PrPSc,1.74949865237,tga20Prnp+/+,Meisl_2021_Fig2,Tg20,4,False
63.0,PKres_PrPSc,-0.0361023146334,tga20Prnp+/+,Meisl_2021_Fig2,Tg20,4,False
63.0,PKres_PrPSc,0.520068478366,tga20Prnp+/+,Meisl_2021_Fig2,Tg20,4,False
63.0,PKres_PrPSc,0.0809862733666,tga20Prnp+/+,Meisl_2021_Fig2,Tg20,4,False
63.0,PKres_PrPSc,2.24712515137,tga20Prnp+/+,Meisl_2021_Fig2,Tg20,4,False
63.0,PKres_PrPSc,-0.270279490634,tga20Prnp+/+,Meisl_2021_Fig2,Tg20,4,False
63.0,PKres_PrPSc,2.30566944537,tga20Prnp+/+,Meisl_2021_Fig2,Tg20,4,False
63.0,PKres_PrPSc,0.168802714366,tga20Prnp+/+,Meisl_2021_Fig2,Tg20,4,False
68.0,PKres_PrPSc,3.71073250137,tga20Prnp+/+,Meisl_2021_Fig2,Tg20,4,False
68.0,PKres_PrPSc,3.88636538337,tga20Prnp+/+,Meisl_2021_Fig2,Tg20,4,False
68.0,PKres_PrPSc,8.42354816837,tga20Prnp+/+,Meisl_2021_Fig2,Tg20,4,False
68.0,PKres_PrPSc,6.66721934837,tga20Prnp+/+,Meisl_2021_Fig2,Tg20,4,False
70.0,PKres_PrPSc,3.44728317837,tga20Prnp+/+,Meisl_2021_Fig2,Tg20,4,False
70.0,PKres_PrPSc,3.24237814937,tga20Prnp+/+,Meisl_2021_Fig2,Tg20,4,False
70.0,PKres_PrPSc,3.41801103137,tga20Prnp+/+,Meisl_2021_Fig2,Tg20,4,False
70.0,PKres_PrPSc,2.77402379737,tga20Prnp+/+,Meisl_2021_Fig2,Tg20,4,False
70.0,PKres_PrPSc,9.82861122837,tga20Prnp+/+,Meisl_2021_Fig2,Tg20,4,False
70.0,PKres_PrPSc,9.44807330837,tga20Prnp+/+,Meisl_2021_Fig2,Tg20,4,False
70.0,PKres_PrPSc,7.04775725937,tga20Prnp+/+,Meisl_2021_Fig2,Tg20,4,False
70.0,PKres_PrPSc,7.39902302337,tga20Prnp+/+,Meisl_2021_Fig2,Tg20,4,False
75.0,PKres_PrPSc,8.07228240437,tga20Prnp+/+,Meisl_2021_Fig2,Tg20,5,False
75.0,PKres_PrPSc,6.25740929037,tga20Prnp+/+,Meisl_2021_Fig2,Tg20,5,False
75.0,PKres_PrPSc,8.71626963837,tga20Prnp+/+,Meisl_2021_Fig2,Tg20,5,False
75.0,PKres_PrPSc,6.93066867137,tga20Prnp+/+,Meisl_2021_Fig2,Tg20,5,False
77.0,PKres_PrPSc,2.15930871037,tga20Prnp+/+,Meisl_2021_Fig2,Tg20,5,False
77.0,PKres_PrPSc,3.97418182437,tga20Prnp+/+,Meisl_2021_Fig2,Tg20,5,False
77.0,PKres_PrPSc,3.91563753037,tga20Prnp+/+,Meisl_2021_Fig2,Tg20,5,False
77.0,PKres_PrPSc,1.51532147637,tga20Prnp+/+,Meisl_2021_Fig2,Tg20,5,False
77.0,PKres_PrPSc,2.83256809137,tga20Prnp+/+,Meisl_2021_Fig2,Tg20,5,False
77.0,PKres_PrPSc,4.12054255937,tga20Prnp+/+,Meisl_2021_Fig2,Tg20,5,False
77.0,PKres_PrPSc,4.03272611837,tga20Prnp+/+,Meisl_2021_Fig2,Tg20,5,False
77.0,PKres_PrPSc,11.8483893684,tga20Prnp+/+,Meisl_2021_Fig2,Tg20,5,False
77.0,PKres_PrPSc,11.9362058084,tga20Prnp+/+,Meisl_2021_Fig2,Tg20,5,False
77.0,PKres_PrPSc,2.68620735637,tga20Prnp+/+,Meisl_2021_Fig2,Tg20,5,False
77.0,PKres_PrPSc,9.33098472537,tga20Prnp+/+,Meisl_2021_Fig2,Tg20,5,False
77.0,PKres_PrPSc,9.21389613737,tga20Prnp+/+,Meisl_2021_Fig2,Tg20,5,False
80.0,PKres_PrPSc,3.06674526737,tga20Prnp+/+,Meisl_2021_Fig2,Tg20,5,False
80.0,PKres_PrPSc,3.12528956137,tga20Prnp+/+,Meisl_2021_Fig2,Tg20,5,False
80.0,PKres_PrPSc,6.55013076037,tga20Prnp+/+,Meisl_2021_Fig2,Tg20,5,False
80.0,PKres_PrPSc,3.62291606037,tga20Prnp+/+,Meisl_2021_Fig2,Tg20,5,False
4.0,PKres_PrPSc,1.80666666667,tga20Prnp+/0,Meisl_2021_Fig2,Tg20,0,False
4.0,PKres_PrPSc,2.87666666667,tga20Prnp+/0,Meisl_2021_Fig2,Tg20,0,False
4.0,PKres_PrPSc,-1.01333333333,tga20Prnp+/0,Meisl_2021_Fig2,Tg20,0,False
4.0,PKres_PrPSc,0.876666666661,tga20Prnp+/0,Meisl_2021_Fig2,Tg20,0,False
4.0,PKres_PrPSc,-1.01333333333,tga20Prnp+/0,Meisl_2021_Fig2,Tg20,0,False
4.0,PKres_PrPSc,-1.01333333333,tga20Prnp+/0,Meisl_2021_Fig2,Tg20,0,False
4.0,PKres_PrPSc,-1.01333333333,tga20Prnp+/0,Meisl_2021_Fig2,Tg20,0,False
4.0,PKres_PrPSc,-1.01333333333,tga20Prnp+/0,Meisl_2021_Fig2,Tg20,0,False
25.0,PKres_PrPSc,1.22666666667,tga20Prnp+/0,Meisl_2021_Fig2,Tg20,1,True
25.0,PKres_PrPSc,1.07666666667,tga20Prnp+/0,Meisl_2021_Fig2,Tg20,1,True
25.0,PKres_PrPSc,-0.313333333339,tga20Prnp+/0,Meisl_2021_Fig2,Tg20,1,False
25.0,PKres_PrPSc,-1.01333333333,tga20Prnp+/0,Meisl_2021_Fig2,Tg20,1,False
46.0,PKres_PrPSc,-0.883333333339,tga20Prnp+/0,Meisl_2021_Fig2,Tg20,3,False
46.0,PKres_PrPSc,0.426666666661,tga20Prnp+/0,Meisl_2021_Fig2,Tg20,3,False
46.0,PKres_PrPSc,-1.01333333333,tga20Prnp+/0,Meisl_2021_Fig2,Tg20,3,False
46.0,PKres_PrPSc,-0.133333333339,tga20Prnp+/0,Meisl_2021_Fig2,Tg20,3,False
46.0,PKres_PrPSc,0.566666666661,tga20Prnp+/0,Meisl_2021_Fig2,Tg20,3,False
46.0,PKres_PrPSc,1.71666666667,tga20Prnp+/0,Meisl_2021_Fig2,Tg20,3,False
46.0,PKres_PrPSc,0.566666666661,tga20Prnp+/0,Meisl_2021_Fig2,Tg20,3,False
46.0,PKres_PrPSc,2.47666666667,tga20Prnp+/0,Meisl_2021_Fig2,Tg20,3,False
68.0,PKres_PrPSc,1.22666666667,tga20Prnp+/0,Meisl_2021_Fig2,Tg20,4,False
68.0,PKres_PrPSc,0.676666666661,tga20Prnp+/0,Meisl_2021_Fig2,Tg20,4,False
68.0,PKres_PrPSc,0.396666666661,tga20Prnp+/0,Meisl_2021_Fig2,Tg20,4,False
68.0,PKres_PrPSc,-0.133333333339,tga20Prnp+/0,Meisl_2021_Fig2,Tg20,4,False
68.0,PKres_PrPSc,0.996666666661,tga20Prnp+/0,Meisl_2021_Fig2,Tg20,4,False
68.0,PKres_PrPSc,0.0766666666613,tga20Prnp+/0,Meisl_2021_Fig2,Tg20,4,False
68.0,PKres_PrPSc,-1.01333333333,tga20Prnp+/0,Meisl_2021_Fig2,Tg20,4,False
68.0,PKres_PrPSc,-0.0133333333387,tga20Prnp+/0,Meisl_2021_Fig2,Tg20,4,False
86.0,PKres_PrPSc,15.0766666667,tga20Prnp+/0,Meisl_2021_Fig2,Tg20,5,False
86.0,PKres_PrPSc,7.89666666667,tga20Prnp+/0,Meisl_2021_Fig2,Tg20,5,False
86.0,PKres_PrPSc,8.81666666667,tga20Prnp+/0,Meisl_2021_Fig2,Tg20,5,False
86.0,PKres_PrPSc,11.0266666667,tga20Prnp+/0,Meisl_2021_Fig2,Tg20,5,False
86.0,PKres_PrPSc,7.65666666667,tga20Prnp+/0,Meisl_2021_Fig2,Tg20,5,False
86.0,PKres_PrPSc,10.0366666667,tga20Prnp+/0,Meisl_2021_Fig2,Tg20,5,False
86.0,PKres_PrPSc,7.48666666667,tga20Prnp+/0,Meisl_2021_Fig2,Tg20,5,False
86.0,PKres_PrPSc,7.75666666667,tga20Prnp+/0,Meisl_2021_Fig2,Tg20,5,False
86.0,PKres_PrPSc,8.78666666667,tga20Prnp+/0,Meisl_2021_Fig2,Tg20,5,False
86.0,PKres_PrPSc,6.26666666667,tga20Prnp+/0,Meisl_2021_Fig2,Tg20,5,False
86.0,PKres_PrPSc,7.44666666667,tga20Prnp+/0,Meisl_2021_Fig2,Tg20,5,False
86.0,PKres_PrPSc,8.99666666667,tga20Prnp+/0,Meisl_2021_Fig2,Tg20,5,False
86.0,PKres_PrPSc,6.97666666667,tga20Prnp+/0,Meisl_2021_Fig2,Tg20,5,False
86.0,PKres_PrPSc,6.76666666667,tga20Prnp+/0,Meisl_2021_Fig2,Tg20,5,False
86.0,PKres_PrPSc,14.1366666667,tga20Prnp+/0,Meisl_2021_Fig2,Tg20,5,False
86.0,PKres_PrPSc,10.2766666667,tga20Prnp+/0,Meisl_2021_Fig2,Tg20,5,False
86.0,PKres_PrPSc,11.4666666667,tga20Prnp+/0,Meisl_2021_Fig2,Tg20,5,False
86.0,PKres_PrPSc,13.3066666667,tga20Prnp+/0,Meisl_2021_Fig2,Tg20,5,False
86.0,PKres_PrPSc,9.15666666667,tga20Prnp+/0,Meisl_2021_Fig2,Tg20,5,False
86.0,PKres_PrPSc,7.73666666667,tga20Prnp+/0,Meisl_2021_Fig2,Tg20,5,False
86.0,PKres_PrPSc,8.32666666667,tga20Prnp+/0,Meisl_2021_Fig2,Tg20,5,False
86.0,PKres_PrPSc,8.02666666667,tga20Prnp+/0,Meisl_2021_Fig2,Tg20,5,False
86.0,PKres_PrPSc,16.6566666667,tga20Prnp+/0,Meisl_2021_Fig2,Tg20,5,False
87.0,PKres_PrPSc,8.10666666667,tga20Prnp+/0,Meisl_2021_Fig2,Tg20,5,False
87.0,PKres_PrPSc,2.84666666667,tga20Prnp+/0,Meisl_2021_Fig2,Tg20,5,False
87.0,PKres_PrPSc,6.42666666667,tga20Prnp+/0,Meisl_2021_Fig2,Tg20,5,False
87.0,PKres_PrPSc,4.13666666667,tga20Prnp+/0,Meisl_2021_Fig2,Tg20,5,False
87.0,PKres_PrPSc,8.73666666667,tga20Prnp+/0,Meisl_2021_Fig2,Tg20,5,False
87.0,PKres_PrPSc,5.88666666667,tga20Prnp+/0,Meisl_2021_Fig2,Tg20,5,False
87.0,PKres_PrPSc,8.25666666667,tga20Prnp+/0,Meisl_2021_Fig2,Tg20,5,False
87.0,PKres_PrPSc,6.15666666667,tga20Prnp+/0,Meisl_2021_Fig2,Tg20,5,False
89.0,PKres_PrPSc,1.19666666667,tga20Prnp+/0,Meisl_2021_Fig2,Tg20,5,False
89.0,PKres_PrPSc,1.51666666667,tga20Prnp+/0,Meisl_2021_Fig2,Tg20,5,False
89.0,PKres_PrPSc,1.71666666667,tga20Prnp+/0,Meisl_2021_Fig2,Tg20,5,False
89.0,PKres_PrPSc,2.60666666667,tga20Prnp+/0,Meisl_2021_Fig2,Tg20,5,False
90.0,PKres_PrPSc,3.45666666667,tga20Prnp+/0,Meisl_2021_Fig2,Tg20,6,False
90.0,PKres_PrPSc,2.63666666667,tga20Prnp+/0,Meisl_2021_Fig2,Tg20,6,False
90.0,PKres_PrPSc,6.15666666667,tga20Prnp+/0,Meisl_2021_Fig2,Tg20,6,False
90.0,PKres_PrPSc,6.30666666667,tga20Prnp+/0,Meisl_2021_Fig2,Tg20,6,False
91.0,PKres_PrPSc,9.14666666667,tga20Prnp+/0,Meisl_2021_Fig2,Tg20,6,False
91.0,PKres_PrPSc,6.66666666667,tga20Prnp+/0,Meisl_2021_Fig2,Tg20,6,False
91.0,PKres_PrPSc,5.22666666667,tga20Prnp+/0,Meisl_2021_Fig2,Tg20,6,False
91.0,PKres_PrPSc,5.42666666667,tga20Prnp+/0,Meisl_2021_Fig2,Tg20,6,False
95.0,PKres_PrPSc,5.50666666667,tga20Prnp+/0,Meisl_2021_Fig2,Tg20,6,False
95.0,PKres_PrPSc,5.02666666667,tga20Prnp+/0,Meisl_2021_Fig2,Tg20,6,False
95.0,PKres_PrPSc,6.54666666667,tga20Prnp+/0,Meisl_2021_Fig2,Tg20,6,False
95.0,PKres_PrPSc,3.57666666667,tga20Prnp+/0,Meisl_2021_Fig2,Tg20,6,False
100.0,PKres_PrPSc,5.99666666667,tga20Prnp+/0,Meisl_2021_Fig2,Tg20,6,False
100.0,PKres_PrPSc,4.07666666667,tga20Prnp+/0,Meisl_2021_Fig2,Tg20,6,False
100.0,PKres_PrPSc,8.17666666667,tga20Prnp+/0,Meisl_2021_Fig2,Tg20,6,False
100.0,PKres_PrPSc,8.77666666667,tga20Prnp+/0,Meisl_2021_Fig2,Tg20,6,False
2.7559055118110294,PrPSc,0.0022123893805312,Prnp+/+,Sandberg_2014,Prnp+/+,0,False
9.99015748031497,PrPSc,0.0022123893805312,Prnp+/+,Sandberg_2014,Prnp+/+,0,False
49.60629921259844,PrPSc,0.0022123893805312,Prnp+/+,Sandberg_2014,Prnp+/+,3,False
99.9015748031496,PrPSc,0.0685840707964602,Prnp+/+,Sandberg_2014,Prnp+/+,6,False
119.88188976377953,PrPSc,0.0907079646017701,Prnp+/+,Sandberg_2014,Prnp+/+,7,False
128.83858267716536,PrPSc,0.0464601769911505,Prnp+/+,Sandberg_2014,Prnp+/+,8,False
135.72834645669292,PrPSc,0.0951327433628321,Prnp+/+,Sandberg_2014,Prnp+/+,9,False
139.1732283464567,PrPSc,0.088495575221239,Prnp+/+,Sandberg_2014,Prnp+/+,9,False
4.868154158215013,PrPSc,0.0,Prnp+/+_detail,Sandberg_2014,Prnp+/+,0,False
9.93914807302231,PrPSc,0.0,Prnp+/+_detail,Sandberg_2014,Prnp+/+,0,False
15.009833720722328,PrPSc,0.0015197568389058,Prnp+/+_detail,Sandberg_2014,Prnp+/+,1,False
19.877987878937333,PrPSc,0.0015197568389058,Prnp+/+_detail,Sandberg_2014,Prnp+/+,1,False
24.948981793744643,PrPSc,0.0015197568389058,Prnp+/+_detail,Sandberg_2014,Prnp+/+,1,False
30.01997570855194,PrPSc,0.0015197568389058,Prnp+/+_detail,Sandberg_2014,Prnp+/+,2,False
35.09096962335924,PrPSc,0.0015197568389058,Prnp+/+_detail,Sandberg_2014,Prnp+/+,2,False
39.959432048681535,PrPSc,0.0,Prnp+/+_detail,Sandberg_2014,Prnp+/+,2,False
45.02950116216698,PrPSc,0.0045592705167172,Prnp+/+_detail,Sandberg_2014,Prnp+/+,3,False
49.896422251952856,PrPSc,0.0106382978723404,Prnp+/+_detail,Sandberg_2014,Prnp+/+,3,False
55.17056419045974,PrPSc,0.0091185410334346,Prnp+/+_detail,Sandberg_2014,Prnp+/+,3,False
59.63427190391928,PrPSc,0.0030395136778116,Prnp+/+_detail,Sandberg_2014,Prnp+/+,3,False
64.90841384242617,PrPSc,0.0015197568389058,Prnp+/+_detail,Sandberg_2014,Prnp+/+,4,False
69.77533493221206,PrPSc,0.0075987841945288,Prnp+/+_detail,Sandberg_2014,Prnp+/+,4,False
75.04824380228979,PrPSc,0.0121580547112463,Prnp+/+_detail,Sandberg_2014,Prnp+/+,5,False
80.11985425131166,PrPSc,0.0091185410334346,Prnp+/+_detail,Sandberg_2014,Prnp+/+,5,False
84.98770014241938,PrPSc,0.0106382978723404,Prnp+/+_detail,Sandberg_2014,Prnp+/+,5,False
89.8577039032781,PrPSc,0.0015197568389058,Prnp+/+_detail,Sandberg_2014,Prnp+/+,5,False
95.12814663649758,PrPSc,0.0182370820668693,Prnp+/+_detail,Sandberg_2014,Prnp+/+,6,False
110.13736382300534,PrPSc,0.0227963525835865,Prnp+/+_detail,Sandberg_2014,Prnp+/+,7,False
125.13794953050918,PrPSc,0.0699088145896655,Prnp+/+_detail,Sandberg_2014,Prnp+/+,8,False
140.15425686048445,PrPSc,0.0395136778115501,Prnp+/+_detail,Sandberg_2014,Prnp+/+,9,False
168.3440507530965,PrPSc,0.0638297872340425,Prnp+/+_detail,Sandberg_2014,Prnp+/+,11,False
0.0,PrPSc,0.0,Prnp+/-,Sandberg_2014,Prnp+/-,0,False
3.730620155038771,PrPSc,0.0,Prnp+/-,Sandberg_2014,Prnp+/-,0,False
11.870155038759684,PrPSc,0.0,Prnp+/-,Sandberg_2014,Prnp+/-,0,False
49.85465116279071,PrPSc,0.0,Prnp+/-,Sandberg_2014,Prnp+/-,3,False
99.7093023255814,PrPSc,0.0,Prnp+/-,Sandberg_2014,Prnp+/-,6,False
147.8623016946097,PrPSc,0.0261627906976744,Prnp+/-,Sandberg_2014,Prnp+/-,9,False
200.07915314584463,PrPSc,0.0784883720930231,Prnp+/-,Sandberg_2014,Prnp+/-,13,False
225.5043548314404,PrPSc,0.1264534883720929,Prnp+/-,Sandberg_2014,Prnp+/-,15,False
241.77553745267716,PrPSc,0.1613372093023255,Prnp+/-,Sandberg_2014,Prnp+/-,16,False
249.92246653596536,PrPSc,0.1286337209302326,Prnp+/-,Sandberg_2014,Prnp+/-,16,False
273.97431888858847,PrPSc,0.2507267441860463,Prnp+/-,Sandberg_2014,Prnp+/-,18,False
300.11725087885344,PrPSc,0.1242732558139534,Prnp+/-,Sandberg_2014,Prnp+/-,20,False
0.3825136612021822,PrPSc,0.0,Tg20,Sandberg_2014,Tg20,0,False
3.4426229508196684,PrPSc,0.0,Tg20,Sandberg_2014,Tg20,0,False
9.945355191256825,PrPSc,0.0,Tg20,Sandberg_2014,Tg20,0,False
30.21857923497268,PrPSc,0.0,Tg20,Sandberg_2014,Tg20,2,False
40.16393442622952,PrPSc,0.0,Tg20,Sandberg_2014,Tg20,2,False
49.72677595628414,PrPSc,0.0,Tg20,Sandberg_2014,Tg20,3,False
54.69945355191257,PrPSc,0.0245098039215687,Tg20,Sandberg_2014,Tg20,3,False
60.05464480874316,PrPSc,0.1004901960784314,Tg20,Sandberg_2014,Tg20,4,False
2.7559055118110294,TotalPrP,0.1128318584070797,Prnp+/+,Sandberg_2014,Prnp+/+,0,False
9.645669291338583,TotalPrP,0.1216814159292036,Prnp+/+,Sandberg_2014,Prnp+/+,0,False
49.95078740157481,TotalPrP,0.1415929203539825,Prnp+/+,Sandberg_2014,Prnp+/+,3,False
99.9015748031496,TotalPrP,0.4690265486725666,Prnp+/+,Sandberg_2014,Prnp+/+,6,False
119.88188976377953,TotalPrP,0.9756637168141594,Prnp+/+,Sandberg_2014,Prnp+/+,7,False
128.83858267716536,TotalPrP,0.6238938053097347,Prnp+/+,Sandberg_2014,Prnp+/+,8,False
135.72834645669292,TotalPrP,0.8738938053097346,Prnp+/+,Sandberg_2014,Prnp+/+,9,False
138.82874015748033,TotalPrP,0.6305309734513276,Prnp+/+,Sandberg_2014,Prnp+/+,9,False
4.845650659383345,TotalPrP,0.1109422492401216,Prnp+/+_detail,Sandberg_2014,Prnp+/+,0,False
9.723361097924126,TotalPrP,0.0638297872340425,Prnp+/+_detail,Sandberg_2014,Prnp+/+,0,False
14.996578235109157,TotalPrP,0.066869300911854,Prnp+/+_detail,Sandberg_2014,Prnp+/+,0,False
19.86504066043144,TotalPrP,0.0653495440729483,Prnp+/+_detail,Sandberg_2014,Prnp+/+,1,False
24.932335369951357,TotalPrP,0.0835866261398177,Prnp+/+_detail,Sandberg_2014,Prnp+/+,1,False
29.805421801882893,TotalPrP,0.0592705167173253,Prnp+/+_detail,Sandberg_2014,Prnp+/+,1,False
34.865934635042564,TotalPrP,0.1109422492401216,Prnp+/+_detail,Sandberg_2014,Prnp+/+,2,False
39.9418608235664,TotalPrP,0.0866261398176292,Prnp+/+_detail,Sandberg_2014,Prnp+/+,2,False
44.79830083170465,TotalPrP,0.1443768996960486,Prnp+/+_detail,Sandberg_2014,Prnp+/+,2,False
49.84709951478756,TotalPrP,0.2537993920972645,Prnp+/+_detail,Sandberg_2014,Prnp+/+,3,False
54.92734144281336,TotalPrP,0.2082066869300912,Prnp+/+_detail,Sandberg_2014,Prnp+/+,3,False
60.019914055130485,TotalPrP,0.1018237082066869,Prnp+/+_detail,Sandberg_2014,Prnp+/+,4,False
64.88282767252167,TotalPrP,0.1276595744680851,Prnp+/+_detail,Sandberg_2014,Prnp+/+,4,False
69.94919758071973,TotalPrP,0.1504559270516716,Prnp+/+_detail,Sandberg_2014,Prnp+/+,4,False
75.03283044692563,TotalPrP,0.0881458966565349,Prnp+/+_detail,Sandberg_2014,Prnp+/+,5,False
79.91146568678828,TotalPrP,0.0364741641337387,Prnp+/+_detail,Sandberg_2014,Prnp+/+,5,False
84.95594863036924,TotalPrP,0.1671732522796353,Prnp+/+_detail,Sandberg_2014,Prnp+/+,5,False
90.02663427806925,TotalPrP,0.168693009118541,Prnp+/+_detail,Sandberg_2014,Prnp+/+,6,False
95.09762819287656,TotalPrP,0.168693009118541,Prnp+/+_detail,Sandberg_2014,Prnp+/+,6,False
110.092356825342,TotalPrP,0.2446808510638298,Prnp+/+_detail,Sandberg_2014,Prnp+/+,7,False
124.82783282058236,TotalPrP,0.5987841945288754,Prnp+/+_detail,Sandberg_2014,Prnp+/+,8,False
140.0438972360771,TotalPrP,0.5835866261398176,Prnp+/+_detail,Sandberg_2014,Prnp+/+,9,False
168.00372386665595,TotalPrP,0.7416413373860182,Prnp+/+_detail,Sandberg_2014,Prnp+/+,11,False
4.059908509104027,TotalPrP,0.0436046511627907,Prnp+/-,Sandberg_2014,Prnp+/-,0,False
11.856352532900653,TotalPrP,0.0610465116279068,Prnp+/-,Sandberg_2014,Prnp+/-,0,False
49.82704615107266,TotalPrP,0.1220930232558139,Prnp+/-,Sandberg_2014,Prnp+/-,3,False
99.67873963403642,TotalPrP,0.1351744186046513,Prnp+/-,Sandberg_2014,Prnp+/-,6,False
147.77505013971515,TotalPrP,0.4120639534883721,Prnp+/-,Sandberg_2014,Prnp+/-,9,False
199.96528247250765,TotalPrP,0.5821220930232558,Prnp+/-,Sandberg_2014,Prnp+/-,13,False
225.05577339102211,TotalPrP,0.6104651162790697,Prnp+/-,Sandberg_2014,Prnp+/-,15,False
241.57983763746168,TotalPrP,1.0268895348837208,Prnp+/-,Sandberg_2014,Prnp+/-,16,False
250.037323102578,TotalPrP,1.1206395348837208,Prnp+/-,Sandberg_2014,Prnp+/-,16,False
273.7958722056968,TotalPrP,1.039970930232558,Prnp+/-,Sandberg_2014,Prnp+/-,18,False
299.90479087795205,TotalPrP,1.063953488372093,Prnp+/-,Sandberg_2014,Prnp+/-,19,False
0.7650273224043715,TotalPrP,0.6642156862745099,Tg20,Sandberg_2014,Tg20,0,False
3.060109289617486,TotalPrP,0.5294117647058827,Tg20,Sandberg_2014,Tg20,0,False
9.945355191256825,TotalPrP,0.4975490196078431,Tg20,Sandberg_2014,Tg20,0,False
29.836065573770497,TotalPrP,0.4926470588235296,Tg20,Sandberg_2014,Tg20,1,False
39.78142076502732,TotalPrP,0.6323529411764708,Tg20,Sandberg_2014,Tg20,2,False
50.10928961748634,TotalPrP,0.4803921568627451,Tg20,Sandberg_2014,Tg20,3,False
54.69945355191257,TotalPrP,0.6004901960784317,Tg20,Sandberg_2014,Tg20,3,False
60.05464480874316,TotalPrP,0.8750000000000002,Tg20,Sandberg_2014,Tg20,4,False
